week,workstream,status,deliverables,owner,evidence_gate,exit_criteria,dependencies,risk,sla,target_date,actual_date,notes
W1,WS1 - Productization & Architecture Closure,Current,"Architecture register + owner mapping","Chief Architect + Platform PMO","Architecture review record + published register","100% subsystem status coverage","MASTER-BLUEPRINT, ADRs, team owner map","Scope misalignment",Close classification gaps <= 5 business days,,,
W2,WS2 - Decision Plane Hardening,Current,"Structured output schemas enforced","AI Platform Lead + Applied AI Team","Schema contract tests + free-text rejection proof","Schema pass rate >= 95%","LLM orchestration, schema registry","Prompt drift / schema incompatibility",Fix schema-breaking issues <= 24h,,,
W3,WS2/WS8 - Decision Pack Activation,Current,"Memo/Evidence/Risk/Approval packets live","AI Platform + Product","End-to-end decision audit sample","Critical flow packet traceability complete","WS2 schema baseline","Incomplete provenance links","Weekly audit completion by Thursday,,, "
W4,WS3 - Execution Inventory,Current,"Workflow classification ledger","Workflow Engineering Lead","Inventory review + owner assignment","All workflows classified + owned","Service inventory + task contracts","Workflow ownership gaps","Classification updates <= 5 business days,,, "
W5,WS3 - Durable Pilot,Current,"Durable workflow pilot + recovery runbook","Workflow Engineering Lead + Backend Core","Replay/restart/recovery proof","Deterministic recovery proven","Queue infra + connector readiness","Duplicate execution / missed compensation","Critical workflow recovery <= 15 min,,, "
W6,WS4 - Trust Hooks,Current,"Policy/Authz/Verification enforcement","Security Architecture Lead + IAM","Policy logs + authz checks + contradiction report","Sensitive actions routed through trust checks","Identity provider + policy repo","Policy bypass paths","100% enforcement on critical sensitive endpoints,,, "
W7,WS5 - Connector Facade v1,Current,"Versioned connector facades","Data Platform + Integrations Lead","Connector contract test report","All critical connectors under facades","Connector SDKs + API contracts","Vendor API drift","Critical API drift patched <= 72h,,, "
W8,WS5 - Data Quality & Metrics,Current,"Quality checks + semantic metrics dictionary","Data Platform Lead","Quality scorecards + lineage snapshot","Quality gate >= 98% on critical datasets","Ingestion pipelines + schema discipline","Silent data quality degradation","Critical dataset quality incidents triaged <= 24h,,, "
W9,WS6 - Enterprise Delivery Gates,Current,"Rulesets + approvals + OIDC + attestations","DevSecOps Lead + Release Manager","Release gate and provenance evidence","No production deploy outside governance gates","CI/CD workflows + cloud IAM","Weak gate coverage","Rollback initiation <= 10 min,,, "
W10,WS7 - Saudi Readiness Controls,Current,"PDPL/NCA mappings in policy engine","Compliance Lead (KSA) + Security Governance","Control evidence map","All Saudi-sensitive flows mapped to controls","Legal counsel + DPO + policy hooks","Compliance traceability gaps","High-risk compliance gaps closed <= 10 business days,,, "
W11,WS8 - Executive Room,Current,"Executive dashboards + sign-off workflow","Product Director + RevOps + BI","Live demo + stakeholder sign-off","Board-ready visibility across decisions/risks/performance","Semantic metrics + trust telemetry","Low adoption / delayed refresh","Critical dashboard refresh <= 15 min,,, "
W12,Program Exit Audit,Current,"Final exit report + rollout decision","Program Director + Compliance + Release Steward","Final evidence pack + exit review record","0 open high-risk gaps + approved rollout plan","All workstreams","Residual blockers / unresolved SLA breaches","Exit blockers triaged within 24h,,, "
